Liczba węzłów (N),Max Odchyłka (Jednostajny),Max Odchyłka (Czebyszew),RMSE (Jednostajny),RMSE (Czebyszew)
100,2403170974697.9775,1.2079226507921703e-13,92112542410.63017,2.678712381183633e-14
200,2.388304832133453e+41,1.4921397450962104e-13,1.0647960107918064e+40,4.2468323148072196e-14
300,4.349809893075957e+70,2.1316282072803006e-13,1.5638178676151384e+69,5.42636885075387e-14
400,nan,nan,nan,nan
500,nan,nan,nan,nan
600,nan,nan,nan,nan
